Établissement,Ville,Arrondissement,Statut,Filière / type,Langue / sous-système,Source principale,Confiance,URL source
Lycée d'Emana,Yaoundé,Yaoundé I,Public,Général,Bilingue,MINESEC / DDES Mfoundi,Élevé,https://dres-ce.jimdofree.com/ddes/mfoundi/publics/
Lycée de Nkolondom,Yaoundé,Yaoundé I,Public,Général,Francophone,MINESEC / DDES Mfoundi,Élevé,https://dres-ce.jimdofree.com/ddes/mfoundi/publics/
Lycée de Mballa II,Yaoundé,Yaoundé I,Public,Général,Francophone,MINESEC / DDES Mfoundi,Élevé,https://dres-ce.jimdofree.com/ddes/mfoundi/publics/
Lycée d'Elig-Essono,Yaoundé,Yaoundé I,Public,Général,Francophone,MINESEC / DDES Mfoundi,Élevé,https://dres-ce.jimdofree.com/ddes/mfoundi/publics/
Lycée Bilingue de Nkol-Eton,Yaoundé,Yaoundé I,Public,Général,Bilingue,MINESEC / DDES Mfoundi,Élevé,https://dres-ce.jimdofree.com/ddes/mfoundi/publics/
CES de Nyom,Yaoundé,Yaoundé I,Public,Général,Francophone,MINESEC / DDES Mfoundi,Élevé,https://dres-ce.jimdofree.com/ddes/mfoundi/publics/
Lycée Technique Charles Atangana,Yaoundé,Yaoundé I,Public,Technique,Francophone,MINESEC / DDES Mfoundi,Élevé,https://dres-ce.jimdofree.com/ddes/mfoundi/publics/
Lycée Technique de Nsam-Efoulan,Yaoundé,Yaoundé I,Public,Technique,Francophone,MINESEC / DDES Mfoundi,Élevé,https://dres-ce.jimdofree.com/ddes/mfoundi/publics/
Lycée de la Cité-Verte,Yaoundé,Yaoundé II,Public,Général,Francophone,MINESEC / DDES Mfoundi,Élevé,https://dres-ce.jimdofree.com/ddes/mfoundi/publics/
Lycée de Tsinga,Yaoundé,Yaoundé II,Public,Général,Francophone,MINESEC / DDES Mfoundi,Élevé,https://dres-ce.jimdofree.com/ddes/mfoundi/publics/
Lycée Technique de Yaoundé II,Yaoundé,Yaoundé II,Public,Technique,Francophone,MINESEC / DDES Mfoundi,Élevé,https://dres-ce.jimdofree.com/ddes/mfoundi/publics/
Lycée Général Leclerc,Yaoundé,Yaoundé III,Public,Général,Francophone,MINESEC / DDES Mfoundi,Élevé,https://dres-ce.jimdofree.com/ddes/mfoundi/publics/
Lycée de Ngoa-Ekellé,Yaoundé,Yaoundé III,Public,Général,Francophone,MINESEC / DDES Mfoundi,Élevé,https://dres-ce.jimdofree.com/ddes/mfoundi/publics/
Lycée Bilingue d'Application,Yaoundé,Yaoundé III,Public,Général,Bilingue,MINESEC / DDES Mfoundi,Élevé,https://dres-ce.jimdofree.com/ddes/mfoundi/publics/
Lycée de Nsam-Efoulan,Yaoundé,Yaoundé III,Public,Général,Francophone,MINESEC / DDES Mfoundi,Élevé,https://dres-ce.jimdofree.com/ddes/mfoundi/publics/
Lycée de Biyem-Assi,Yaoundé,Yaoundé III,Public,Général,Francophone,MINESEC / DDES Mfoundi,Élevé,https://dres-ce.jimdofree.com/ddes/mfoundi/publics/
Lycée d'Afan-Oyoa,Yaoundé,Yaoundé III,Public,Général,Francophone,MINESEC / DDES Mfoundi,Élevé,https://dres-ce.jimdofree.com/ddes/mfoundi/publics/
Lycée d'Ahala,Yaoundé,Yaoundé III,Public,Général,Francophone,MINESEC / DDES Mfoundi,Élevé,https://dres-ce.jimdofree.com/ddes/mfoundi/publics/
Lycée Technique Industriel et Commercial Bilingue de Yaoundé,Yaoundé,Yaoundé III,Public,Technique,Bilingue,MINESEC / DDES Mfoundi,Élevé,https://dres-ce.jimdofree.com/ddes/mfoundi/publics/
Lycée Technique Bilingue de Nsam,Yaoundé,Yaoundé III,Public,Technique,Bilingue,MINESEC / DDES Mfoundi,Élevé,https://dres-ce.jimdofree.com/ddes/mfoundi/publics/
Lycée Technique d'Afan-Oyoa,Yaoundé,Yaoundé III,Public,Technique,Francophone,MINESEC / DDES Mfoundi,Élevé,https://dres-ce.jimdofree.com/ddes/mfoundi/publics/
CETIC de Ngoa-Ekellé,Yaoundé,Yaoundé III,Public,Technique,Francophone,MINESEC / DDES Mfoundi,Élevé,https://dres-ce.jimdofree.com/ddes/mfoundi/publics/
CETIF de Ngoa-Ekellé,Yaoundé,Yaoundé III,Public,Technique,Francophone,MINESEC / DDES Mfoundi,Élevé,https://dres-ce.jimdofree.com/ddes/mfoundi/publics/
Lycée Bilingue d'Ekounou,Yaoundé,Yaoundé IV,Public,Général,Bilingue,MINESEC / DDES Mfoundi,Élevé,https://dres-ce.jimdofree.com/ddes/mfoundi/publics/
Lycée Bilingue d'Anguissa,Yaoundé,Yaoundé IV,Public,Général,Bilingue,MINESEC / DDES Mfoundi,Élevé,https://dres-ce.jimdofree.com/ddes/mfoundi/publics/
Lycée de Nkolndongo,Yaoundé,Yaoundé IV,Public,Général,Francophone,MINESEC / DDES Mfoundi,Élevé,https://dres-ce.jimdofree.com/ddes/mfoundi/publics/
Lycée Bilingue de Mimboman,Yaoundé,Yaoundé IV,Public,Général,Bilingue,MINESEC / DDES Mfoundi,Élevé,https://dres-ce.jimdofree.com/ddes/mfoundi/publics/
Lycée Bilingue d'Odza,Yaoundé,Yaoundé IV,Public,Général,Bilingue,MINESEC / DDES Mfoundi,Élevé,https://dres-ce.jimdofree.com/ddes/mfoundi/publics/
Lycée de Minkan,Yaoundé,Yaoundé IV,Public,Général,Francophone,MINESEC / DDES Mfoundi,Élevé,https://dres-ce.jimdofree.com/ddes/mfoundi/publics/
Lycée Technique d'Ekounou,Yaoundé,Yaoundé IV,Public,Technique,Francophone,MINESEC / DDES Mfoundi,Élevé,https://dres-ce.jimdofree.com/ddes/mfoundi/publics/
Lycée Bilingue d'Essos,Yaoundé,Yaoundé V,Public,Général,Bilingue,MINESEC / DDES Mfoundi,Élevé,https://dres-ce.jimdofree.com/ddes/mfoundi/publics/
Lycée de Ngousso-Ngoulmekong,Yaoundé,Yaoundé V,Public,Général,Francophone,MINESEC / DDES Mfoundi,Élevé,https://dres-ce.jimdofree.com/ddes/mfoundi/publics/
Lycée de Nkolmesseng,Yaoundé,Yaoundé V,Public,Général,Francophone,MINESEC / DDES Mfoundi,Élevé,https://dres-ce.jimdofree.com/ddes/mfoundi/publics/
Lycée Bilingue de Mendong,Yaoundé,Yaoundé VI,Public,Général,Bilingue,MINESEC / DDES Mfoundi,Élevé,https://dres-ce.jimdofree.com/ddes/mfoundi/publics/
Lycée Bilingue d'Etoug-Ebé,Yaoundé,Yaoundé VI,Public,Général,Bilingue,MINESEC / DDES Mfoundi,Élevé,https://dres-ce.jimdofree.com/ddes/mfoundi/publics/
Lycée Bilingue de Nkolbisson,Yaoundé,Yaoundé VII,Public,Général,Bilingue,MINESEC / DDES Mfoundi,Élevé,https://dres-ce.jimdofree.com/ddes/mfoundi/publics/
Lycée d'Ekorézock,Yaoundé,Yaoundé VII,Public,Général,Francophone,MINESEC / DDES Mfoundi,Élevé,https://dres-ce.jimdofree.com/ddes/mfoundi/publics/
Lycée Technique Bilingue de Nkolbisson,Yaoundé,Yaoundé VII,Public,Technique,Bilingue,MINESEC / DDES Mfoundi,Élevé,https://dres-ce.jimdofree.com/ddes/mfoundi/publics/
Lycée Technique Bilingue de Mewoulou,Yaoundé,À confirmer,Public,Technique,Bilingue,MINESEC / DDES Mfoundi,Élevé,https://dres-ce.jimdofree.com/ddes/mfoundi/publics/
Lycée Bilingue de Nyom,Yaoundé,À confirmer,Public,Général,Bilingue,MINESEC / DDES Mfoundi,Élevé,https://dres-ce.jimdofree.com/ddes/mfoundi/publics/
Collège François-Xavier Vogt,Yaoundé,À confirmer,Privé,Général,À confirmer,MINESEC,Élevé,https://www.minesec.gov.cm/web/index.php/fr/communiques
Collège Jean Tabi,Yaoundé,À confirmer,Privé,Général,À confirmer,MINESEC,Élevé,https://www.minesec.gov.cm/web/index.php/fr/communiques
Collège de la Retraite,Yaoundé,À confirmer,Privé,Général,À confirmer,MINESEC,Élevé,https://www.minesec.gov.cm/web/index.php/fr/communiques
Collège Saint-Benoît,Yaoundé,À confirmer,Privé,Général,À confirmer,MINESEC,Élevé,https://www.minesec.gov.cm/web/index.php/fr/communiques
Collège Fleming,Yaoundé,À confirmer,Privé,Général,À confirmer,MINESEC,Élevé,https://www.minesec.gov.cm/web/index.php/fr/communiques
Collège Privé Diderot,Yaoundé,À confirmer,Privé,Général,À confirmer,MINESEC,Moyen,https://www.minesec.gov.cm/web/index.php/fr/carte-scolaire/immatriculation-fr
Collège Privé Laïc Centre Socio-Éducatif Bilingue David Lavoisier,Yaoundé,À confirmer,Privé,Général,Bilingue / anglophone,MINESEC,Moyen,https://www.minesec.gov.cm/web/index.php/fr/carte-scolaire/immatriculation-fr
Collège Privé Laïc La Colombe,Yaoundé,À confirmer,Privé,Général,À confirmer,MINESEC,Moyen,https://www.minesec.gov.cm/web/index.php/fr/carte-scolaire/immatriculation-fr
Collège Privé Laïc Les Sapins,Yaoundé,À confirmer,Privé,Général,À confirmer,MINESEC,Moyen,https://www.minesec.gov.cm/web/index.php/fr/carte-scolaire/immatriculation-fr
Complexe d'Enseignements Secondaires Général et Professionnel Bilingue Mgr Jean Zoa,Yaoundé,À confirmer,Privé,Technique / professionnel,Bilingue / anglophone,MINESEC,Moyen,https://www.minesec.gov.cm/web/index.php/fr/carte-scolaire/immatriculation-fr
Institut MAK MBE,Yaoundé,À confirmer,Privé,Général,À confirmer,MINESEC,Élevé,https://www.minesec.gov.cm/web/index.php/fr/carte-scolaire/immatriculation-fr
Institut Privé Laïc Paul Momo,Yaoundé,À confirmer,Privé,Général,À confirmer,MINESEC,Moyen,https://www.minesec.gov.cm/web/index.php/fr/carte-scolaire/immatriculation-fr
Institut Privé Laïc Polyvalent Bilingue des Nations,Yaoundé,À confirmer,Privé,Polyvalent,Bilingue / anglophone,MINESEC,Moyen,https://www.minesec.gov.cm/web/index.php/fr/carte-scolaire/immatriculation-fr
Institut Privé Laïc Polyvalent Rénovation Pédagogique,Yaoundé,À confirmer,Privé,Polyvalent,À confirmer,MINESEC,Moyen,https://www.minesec.gov.cm/web/index.php/fr/carte-scolaire/immatriculation-fr
Amasia Mahanaim Bilingual Secondary School,Yaoundé,À confirmer,Privé,Général,Bilingue / anglophone,MINESEC,Moyen,https://www.minesec.gov.cm/web/index.php/fr/carte-scolaire/immatriculation-fr
Centre Éducatif Le Bon Berger (CEBER),Yaoundé,À confirmer,Privé,Général,À confirmer,MINESEC,Moyen,https://www.minesec.gov.cm/web/index.php/fr/carte-scolaire/immatriculation-fr
Collège Bilingue International La Fierté,Yaoundé,À confirmer,Privé,Général,Bilingue / anglophone,MINESEC,Moyen,https://www.minesec.gov.cm/web/index.php/fr/carte-scolaire/immatriculation-fr
Collège d'Enseignement Technique Commercial et Industriel Nfandja II,Yaoundé,À confirmer,Privé,Technique / professionnel,À confirmer,MINESEC,Moyen,https://www.minesec.gov.cm/web/index.php/fr/carte-scolaire/immatriculation-fr
Collège François Kammogne,Yaoundé,À confirmer,Privé,Général,À confirmer,MINESEC,Moyen,https://www.minesec.gov.cm/web/index.php/fr/carte-scolaire/immatriculation-fr
Collège PI and JU,Yaoundé,À confirmer,Privé,Général,À confirmer,MINESEC,Moyen,https://www.minesec.gov.cm/web/index.php/fr/carte-scolaire/immatriculation-fr
Collège Privé Laïc Atangana Essomba,Yaoundé,À confirmer,Privé,Général,À confirmer,MINESEC,Moyen,https://www.minesec.gov.cm/web/index.php/fr/carte-scolaire/immatriculation-fr
Complexe Bilingue Yondo,Yaoundé,À confirmer,Privé,Général,Bilingue / anglophone,MINESEC,Moyen,https://www.minesec.gov.cm/web/index.php/fr/carte-scolaire/immatriculation-fr
Collège Privé Laïc Dolta,Yaoundé,À confirmer,Privé,Général,À confirmer,MINESEC,Moyen,https://www.minesec.gov.cm/web/index.php/fr/carte-scolaire/immatriculation-fr
Collège Privé Laïc du Mont Valérien,Yaoundé,À confirmer,Privé,Général,À confirmer,MINESEC,Moyen,https://www.minesec.gov.cm/web/index.php/fr/carte-scolaire/immatriculation-fr
Collège Privé Laïc Frantz Fanon,Yaoundé,À confirmer,Privé,Général,À confirmer,MINESEC,Moyen,https://www.minesec.gov.cm/web/index.php/fr/carte-scolaire/immatriculation-fr
Collège Privé Laïc Marie Albert II (COMAL II),Yaoundé,À confirmer,Privé,Général,À confirmer,MINESEC,Moyen,https://www.minesec.gov.cm/web/index.php/fr/carte-scolaire/immatriculation-fr
Collège Technique Privé Sainte-Thérèse,Yaoundé,À confirmer,Privé,Technique / professionnel,À confirmer,MINESEC,Moyen,https://www.minesec.gov.cm/web/index.php/fr/carte-scolaire/immatriculation-fr
Complexe Scolaire Lenya,Yaoundé,À confirmer,Privé,Général,À confirmer,MINESEC,Moyen,https://www.minesec.gov.cm/web/index.php/fr/carte-scolaire/immatriculation-fr
Institut Gazolent,Yaoundé,À confirmer,Privé,Général,À confirmer,MINESEC,Moyen,https://www.minesec.gov.cm/web/index.php/fr/carte-scolaire/immatriculation-fr
Collège du Succès,Yaoundé,À confirmer,Privé,Général,À confirmer,MINESEC,Moyen,https://www.minesec.gov.cm/web/index.php/fr/carte-scolaire/immatriculation-fr
Collège Polyvalent Saint-Augustin,Yaoundé,À confirmer,Privé,Polyvalent,À confirmer,MINESEC,Moyen,https://www.minesec.gov.cm/web/index.php/fr/carte-scolaire/immatriculation-fr
Collège Privé Laïc Les Lilas,Yaoundé,À confirmer,Privé,Général,À confirmer,MINESEC,Moyen,https://www.minesec.gov.cm/web/index.php/fr/carte-scolaire/immatriculation-fr
Collège Privé Laïc de l'Espérance (COPES),Yaoundé,À confirmer,Privé,Général,À confirmer,MINESEC,Moyen,https://www.minesec.gov.cm/web/index.php/fr/carte-scolaire/immatriculation-fr
Collège Privé Laïc Golden Institute,Yaoundé,À confirmer,Privé,Général,À confirmer,MINESEC,Moyen,https://www.minesec.gov.cm/web/index.php/fr/carte-scolaire/immatriculation-fr
Collège Privé Laïc La Dignité,Yaoundé,À confirmer,Privé,Général,À confirmer,MINESEC,Moyen,https://www.minesec.gov.cm/web/index.php/fr/carte-scolaire/immatriculation-fr
Collège Privé Laïc Larousse,Yaoundé,À confirmer,Privé,Général,À confirmer,MINESEC,Moyen,https://www.minesec.gov.cm/web/index.php/fr/carte-scolaire/immatriculation-fr
Complexe Scolaire Saint-André,Yaoundé,À confirmer,Privé,Général,À confirmer,MINESEC,Moyen,https://www.minesec.gov.cm/web/index.php/fr/carte-scolaire/immatriculation-fr
Institut Privé Islamique de Gestion,Yaoundé,À confirmer,Privé,Général,À confirmer,MINESEC,Moyen,https://www.minesec.gov.cm/web/index.php/fr/carte-scolaire/immatriculation-fr
Institut Privé Laïc Essomba,Yaoundé,À confirmer,Privé,Général,À confirmer,MINESEC,Moyen,https://www.minesec.gov.cm/web/index.php/fr/carte-scolaire/immatriculation-fr
Institut Samba,Yaoundé,À confirmer,Privé,Général,À confirmer,MINESEC,Moyen,https://www.minesec.gov.cm/web/index.php/fr/carte-scolaire/immatriculation-fr
Institut Technique Industriel d'Etoug-Ebé,Yaoundé,À confirmer,Privé,Technique / professionnel,À confirmer,MINESEC,Moyen,https://www.minesec.gov.cm/web/index.php/fr/carte-scolaire/immatriculation-fr
Lycée Technique Privé Keynes,Yaoundé,À confirmer,Privé,Technique / professionnel,À confirmer,MINESEC,Moyen,https://www.minesec.gov.cm/web/index.php/fr/carte-scolaire/immatriculation-fr
Collège Bilingue Kiatabala,Yaoundé,À confirmer,Privé,Général,Bilingue / anglophone,MINESEC,Moyen,https://www.minesec.gov.cm/web/index.php/fr/carte-scolaire/immatriculation-fr
Collège d'Enseignement Technique Ekani Eyenga,Yaoundé,À confirmer,Privé,Technique / professionnel,À confirmer,MINESEC,Moyen,https://www.minesec.gov.cm/web/index.php/fr/carte-scolaire/immatriculation-fr
Collège de la Paix,Yaoundé,À confirmer,Privé,Général,À confirmer,MINESEC,Moyen,https://www.minesec.gov.cm/web/index.php/fr/carte-scolaire/immatriculation-fr
Collège Moukete,Yaoundé,À confirmer,Privé,Général,À confirmer,MINESEC,Moyen,https://www.minesec.gov.cm/web/index.php/fr/carte-scolaire/immatriculation-fr
Collège Privé Laïc Technique Stella Maris,Yaoundé,À confirmer,Privé,Technique / professionnel,À confirmer,MINESEC,Moyen,https://www.minesec.gov.cm/web/index.php/fr/carte-scolaire/immatriculation-fr
Complexe Scolaire Yona,Yaoundé,À confirmer,Privé,Général,À confirmer,MINESEC,Moyen,https://www.minesec.gov.cm/web/index.php/fr/carte-scolaire/immatriculation-fr
Genius Trilingual College,Yaoundé,À confirmer,Privé,Général,Trilingue,MINESEC,Moyen,https://www.minesec.gov.cm/web/index.php/fr/carte-scolaire/immatriculation-fr
Institut Le Jourdain,Yaoundé,À confirmer,Privé,Général,À confirmer,MINESEC,Moyen,https://www.minesec.gov.cm/web/index.php/fr/carte-scolaire/immatriculation-fr
Institut Mgr René Graffin,Yaoundé,À confirmer,Privé,Général,À confirmer,MINESEC,Moyen,https://www.minesec.gov.cm/web/index.php/fr/carte-scolaire/immatriculation-fr
Institut Bilingue Roger Ampère,Yaoundé,À confirmer,Privé,Général,Bilingue / anglophone,MINESEC,Moyen,https://www.minesec.gov.cm/web/index.php/fr/carte-scolaire/immatriculation-fr
"Institut des Techniques, des Sciences et des Enseignements (ITSE)",Yaoundé,À confirmer,Privé,Technique / professionnel,À confirmer,MINESEC,Moyen,https://www.minesec.gov.cm/web/index.php/fr/carte-scolaire/immatriculation-fr
Institut Petou,Yaoundé,À confirmer,Privé,Général,À confirmer,MINESEC,Moyen,https://www.minesec.gov.cm/web/index.php/fr/carte-scolaire/immatriculation-fr
Institut Polyvalent Bilingue Cécile et Gabriel Dipito,Yaoundé,À confirmer,Privé,Polyvalent,Bilingue / anglophone,MINESEC,Moyen,https://www.minesec.gov.cm/web/index.php/fr/carte-scolaire/immatriculation-fr
Institut Privé Laïc Central (INSTIC),Yaoundé,À confirmer,Privé,Général,À confirmer,MINESEC,Moyen,https://www.minesec.gov.cm/web/index.php/fr/carte-scolaire/immatriculation-fr
Institut Privé Laïc International Aimé Césaire,Yaoundé,À confirmer,Privé,Général,À confirmer,MINESEC,Moyen,https://www.minesec.gov.cm/web/index.php/fr/carte-scolaire/immatriculation-fr
Institut Privé Laïc MBE,Yaoundé,À confirmer,Privé,Général,À confirmer,MINESEC,Moyen,https://www.minesec.gov.cm/web/index.php/fr/carte-scolaire/immatriculation-fr
Institut Siantou,Yaoundé,À confirmer,Privé,Général,À confirmer,MINESEC,Moyen,https://www.minesec.gov.cm/web/index.php/fr/carte-scolaire/immatriculation-fr
Jeunesse Lumière (COBIJEL),Yaoundé,À confirmer,Privé,Général,À confirmer,MINESEC,Moyen,https://www.minesec.gov.cm/web/index.php/fr/carte-scolaire/immatriculation-fr
Nono Bilingual Technical College,Yaoundé,À confirmer,Privé,Général,Bilingue / anglophone,MINESEC,Moyen,https://www.minesec.gov.cm/web/index.php/fr/carte-scolaire/immatriculation-fr
St Joseph's Foundation Anglo-Saxon Technical College,Yaoundé,À confirmer,Privé,Général,Bilingue / anglophone,MINESEC,Moyen,https://www.minesec.gov.cm/web/index.php/fr/carte-scolaire/immatriculation-fr
Collège Panafricain de l'Excellence,Yaoundé,À confirmer,Privé,Général,À confirmer,MINESEC,Moyen,https://www.minesec.gov.cm/web/index.php/fr/carte-scolaire/immatriculation-fr
Collège Privé Laïc Saint Michel Archange,Yaoundé,À confirmer,Privé,Général,À confirmer,MINESEC,Moyen,https://www.minesec.gov.cm/web/index.php/fr/carte-scolaire/immatriculation-fr
Complexe Scolaire AKOA,Yaoundé,À confirmer,Privé,Général,À confirmer,MINESEC,Moyen,https://www.minesec.gov.cm/web/index.php/fr/carte-scolaire/immatriculation-fr
Complexe Scolaire Bilingue Saint Germain,Yaoundé,À confirmer,Privé,Général,Bilingue / anglophone,MINESEC,Moyen,https://www.minesec.gov.cm/web/index.php/fr/carte-scolaire/immatriculation-fr
Collège Bilingue Horeb,Yaoundé,À confirmer,Privé,Général,Bilingue / anglophone,MINESEC,Moyen,https://www.minesec.gov.cm/web/index.php/fr/carte-scolaire/immatriculation-fr
Collège Privé Mekouja,Yaoundé,À confirmer,Privé,Général,À confirmer,MINESEC,Moyen,https://www.minesec.gov.cm/web/index.php/fr/carte-scolaire/immatriculation-fr
Institut Sacré Charlemagne,Yaoundé,À confirmer,Privé,Général,À confirmer,MINESEC,Moyen,https://www.minesec.gov.cm/web/index.php/fr/carte-scolaire/immatriculation-fr
Collège d'Enseignement Technique Commercial et Industriel Les Cocotiers,Yaoundé,À confirmer,Privé,Technique / professionnel,À confirmer,MINESEC,Moyen,https://www.minesec.gov.cm/web/index.php/fr/carte-scolaire/immatriculation-fr
Christ the King Anglo-Saxon Boarding College,Yaoundé,À confirmer,Privé,Général,Bilingue / anglophone,MINESEC,Moyen,https://www.minesec.gov.cm/web/index.php/fr/carte-scolaire/immatriculation-fr
Collège Privé Polyvalent de Tsinga Village,Yaoundé,À confirmer,Privé,Polyvalent,À confirmer,MINESEC,Moyen,https://www.minesec.gov.cm/web/index.php/fr/carte-scolaire/immatriculation-fr
Collège d'Enseignement Technique Adolph Kolping (COPAK),Yaoundé,À confirmer,Privé,Technique / professionnel,À confirmer,MINESEC,Moyen,https://www.minesec.gov.cm/web/index.php/fr/carte-scolaire/immatriculation-fr
CEGEP Sainte Foi,Yaoundé,À confirmer,Privé,Général,À confirmer,MINESEC,Moyen,https://www.minesec.gov.cm/web/index.php/fr/carte-scolaire/immatriculation-fr
Collège Privé Catholique d'Enseignement Technique Industriel Féminin Maria Goretti,Yaoundé,À confirmer,Privé,Technique / professionnel,À confirmer,MINESEC,Moyen,https://www.minesec.gov.cm/web/index.php/fr/carte-scolaire/immatriculation-fr
Collège Onana Ebode,Yaoundé,À confirmer,Privé,Général,À confirmer,MINESEC,Moyen,https://www.minesec.gov.cm/web/index.php/fr/carte-scolaire/immatriculation-fr
Les Bambis Lay Private Bilingual College,Yaoundé,À confirmer,Privé,Général,Bilingue / anglophone,MINESEC,Élevé,https://www.minesec.gov.cm/web/index.php/fr/carte-scolaire/immatriculation-fr
Collège Privé Islamique Al Haramain,Yaoundé,À confirmer,Privé,Général,À confirmer,MINESEC,Élevé,https://www.minesec.gov.cm/web/index.php/fr/carte-scolaire/immatriculation-fr
Lycée Joss,Douala,Douala I,Public,Général,Francophone,MINESEC,Élevé,https://www.minesec.gov.cm/web/index.php/fr/carte-scolaire/immatriculation-fr
Lycée d'Akwa,Douala,Douala I,Public,Général,Francophone,MINESEC,Élevé,https://www.minesec.gov.cm/web/index.php/fr/carte-scolaire/immatriculation-fr
Lycée Bilingue de Deïdo,Douala,Douala I,Public,Général,Bilingue,MINESEC,Élevé,https://www.minesec.gov.cm/web/index.php/fr/carte-scolaire/immatriculation-fr
Lycée Technique de Douala-Koumassi,Douala,Douala I,Public,Technique,Francophone,MINESEC,Élevé,https://www.minesec.gov.cm/web/index.php/fr/carte-scolaire/immatriculation-fr
Lycée Technique Bilingue de Douala-Akwa,Douala,Douala I,Public,Technique,Bilingue,MINESEC,Élevé,https://www.minesec.gov.cm/web/index.php/fr/carte-scolaire/immatriculation-fr
Lycée Bilingue de New-Bell,Douala,Douala II,Public,Général,Bilingue,MINESEC,Élevé,https://www.minesec.gov.cm/web/index.php/fr/carte-scolaire/immatriculation-fr
Lycée TSF Mongo Joseph,Douala,Douala II,Public,Général,Francophone,MINESEC,Élevé,https://www.minesec.gov.cm/web/index.php/fr/carte-scolaire/immatriculation-fr
CES Bilingue de Douala II,Douala,Douala II,Public,Général,Bilingue,MINESEC,Élevé,https://www.minesec.gov.cm/web/index.php/fr/carte-scolaire/immatriculation-fr
Lycée Technique Bilingue de Bonandoumbé,Douala,Douala II,Public,Technique,Bilingue,MINESEC,Élevé,https://www.minesec.gov.cm/web/index.php/fr/carte-scolaire/immatriculation-fr
Lycée Bilingue de Bobongo-Petit-Paris,Douala,Douala III,Public,Général,Bilingue,MINESEC,Élevé,https://www.minesec.gov.cm/web/index.php/fr/carte-scolaire/immatriculation-fr
Lycée Bilingue de Japoma,Douala,Douala III,Public,Général,Bilingue,MINESEC,Élevé,https://www.minesec.gov.cm/web/index.php/fr/carte-scolaire/immatriculation-fr
Lycée Bilingue de Mbanga-Pongo,Douala,Douala III,Public,Général,Bilingue,MINESEC,Élevé,https://www.minesec.gov.cm/web/index.php/fr/carte-scolaire/immatriculation-fr
Lycée Bilingue de Ngodi-Bakoko,Douala,Douala III,Public,Général,Bilingue,MINESEC,Élevé,https://www.minesec.gov.cm/web/index.php/fr/carte-scolaire/immatriculation-fr
Lycée Bilingue de Nyalla,Douala,Douala III,Public,Général,Bilingue,MINESEC,Élevé,https://www.minesec.gov.cm/web/index.php/fr/carte-scolaire/immatriculation-fr
Lycée Bilingue de Nylon-Brazzaville,Douala,Douala III,Public,Général,Bilingue,MINESEC,Élevé,https://www.minesec.gov.cm/web/index.php/fr/carte-scolaire/immatriculation-fr
Lycée Bilingue de Nylon-Ndogpassi,Douala,Douala III,Public,Général,Bilingue,MINESEC,Élevé,https://www.minesec.gov.cm/web/index.php/fr/carte-scolaire/immatriculation-fr
Lycée Bilingue du Génie Militaire,Douala,Douala III,Public,Général,Bilingue,MINESEC,Élevé,https://www.minesec.gov.cm/web/index.php/fr/carte-scolaire/immatriculation-fr
Lycée d'Oyack,Douala,Douala III,Public,Général,Francophone,MINESEC,Élevé,https://www.minesec.gov.cm/web/index.php/fr/carte-scolaire/immatriculation-fr
Lycée de Ndog-Hem,Douala,Douala III,Public,Général,Bilingue,MINESEC,Élevé,https://www.minesec.gov.cm/web/index.php/fr/carte-scolaire/immatriculation-fr
Lycée de PK21/Massoumbou,Douala,Douala III,Public,Général,Francophone,MINESEC,Élevé,https://www.minesec.gov.cm/web/index.php/fr/carte-scolaire/immatriculation-fr
CES Bilingue Moungui de Logbessou,Douala,Douala III,Public,Général,Bilingue,MINESEC,Élevé,https://www.minesec.gov.cm/web/index.php/fr/carte-scolaire/immatriculation-fr
Lycée Technique de Nylon,Douala,Douala III,Public,Technique,Francophone,MINESEC,Élevé,https://www.minesec.gov.cm/web/index.php/fr/carte-scolaire/immatriculation-fr
Lycée Technique de Douala-Bassa,Douala,Douala III,Public,Technique,Francophone,MINESEC,Élevé,https://www.minesec.gov.cm/web/index.php/fr/carte-scolaire/immatriculation-fr
Lycée Polyvalent de Bonabéri,Douala,Douala IV,Public,Polyvalent,Francophone,MINESEC,Élevé,https://www.minesec.gov.cm/web/index.php/fr/carte-scolaire/immatriculation-fr
Lycée Technique Bilingue de Bonabéri,Douala,Douala IV,Public,Technique,Bilingue,MINESEC,Élevé,https://www.minesec.gov.cm/web/index.php/fr/carte-scolaire/immatriculation-fr
CETIC de Bonabéri,Douala,Douala IV,Public,Technique,Francophone,MINESEC,Élevé,https://www.minesec.gov.cm/web/index.php/fr/carte-scolaire/immatriculation-fr
Lycée Bilingue de Bojongo,Douala,Douala IV,Public,Général,Bilingue,MINESEC,Élevé,https://www.minesec.gov.cm/web/index.php/fr/carte-scolaire/immatriculation-fr
CES Bilingue de Minkwelle,Douala,Douala IV,Public,Général,Bilingue,MINESEC,Élevé,https://www.minesec.gov.cm/web/index.php/fr/carte-scolaire/immatriculation-fr
Lycée de Sodiko,Douala,Douala IV,Public,Général,Francophone,MINESEC,Élevé,https://www.minesec.gov.cm/web/index.php/fr/carte-scolaire/immatriculation-fr
Lycée Bilingue de Logpom,Douala,Douala V,Public,Général,Bilingue,MINESEC,Élevé,https://www.minesec.gov.cm/web/index.php/fr/carte-scolaire/immatriculation-fr
Lycée de Makepe,Douala,Douala V,Public,Général,Bilingue,MINESEC,Élevé,https://www.minesec.gov.cm/web/index.php/fr/carte-scolaire/immatriculation-fr
Lycée de Bépanda,Douala,Douala V,Public,Général,Francophone,MINESEC,Élevé,https://www.minesec.gov.cm/web/index.php/fr/carte-scolaire/immatriculation-fr
Lycée de la Cité des Palmiers,Douala,Douala V,Public,Général,Francophone,MINESEC,Élevé,https://www.minesec.gov.cm/web/index.php/fr/carte-scolaire/immatriculation-fr
Collège Libermann,Douala,À confirmer,Privé,Général,À confirmer,MINESEC,Élevé,https://www.minesec.gov.cm/web/index.php/fr/communiques
Collège Privé Catholique d'Enseignement Technique De La Salle,Douala,À confirmer,Privé,Technique / professionnel,À confirmer,MINESEC,Élevé,https://www.minesec.gov.cm/web/index.php/fr/communiques
Collège King Akwa,Douala,À confirmer,Privé,Général,À confirmer,MINESEC,Élevé,https://www.minesec.gov.cm/web/index.php/fr/carte-scolaire/immatriculation-fr
Collège Évangélique New-Bell,Douala,À confirmer,Privé,Général,À confirmer,MINESEC,Élevé,https://www.minesec.gov.cm/web/index.php/fr/carte-scolaire/immatriculation-fr
Collège Privé Laïc Bernard Eyengue Nkongo,Douala,À confirmer,Privé,Général,À confirmer,MINESEC,Élevé,https://www.minesec.gov.cm/web/index.php/fr/carte-scolaire/immatriculation-fr
COPSECO,Douala,À confirmer,Privé,Général,À confirmer,MINESEC,Élevé,https://www.minesec.gov.cm/web/index.php/fr/carte-scolaire/immatriculation-fr
Collège Privé Laïc Polyvalent de Douala (CPD),Douala,À confirmer,Privé,Polyvalent,À confirmer,MINESEC,Élevé,https://www.minesec.gov.cm/web/index.php/fr/carte-scolaire/immatriculation-fr
Collège Privé Laïc Pratique de Formation Ouvrière (CPFO),Douala,À confirmer,Privé,Technique / professionnel,À confirmer,MINESEC,Moyen,https://www.minesec.gov.cm/web/index.php/fr/carte-scolaire/immatriculation-fr
Collège Privé Bilingue Elisabeth Nkwamegni,Douala,À confirmer,Privé,Général,Bilingue / anglophone,MINESEC,Moyen,https://www.minesec.gov.cm/web/index.php/fr/carte-scolaire/immatriculation-fr
Collège Privé Catholique Anuarite,Douala,À confirmer,Privé,Général,À confirmer,MINESEC,Moyen,https://www.minesec.gov.cm/web/index.php/fr/carte-scolaire/immatriculation-fr
Collège Privé Laïc La Bergère,Douala,À confirmer,Privé,Général,À confirmer,MINESEC,Moyen,https://www.minesec.gov.cm/web/index.php/fr/carte-scolaire/immatriculation-fr
Collège Privé Laïc Roger Mfupa,Douala,À confirmer,Privé,Général,À confirmer,MINESEC,Moyen,https://www.minesec.gov.cm/web/index.php/fr/carte-scolaire/immatriculation-fr
Collège Privé Laïc André Nguebong (CPLAN),Douala,À confirmer,Privé,Général,À confirmer,MINESEC,Moyen,https://www.minesec.gov.cm/web/index.php/fr/carte-scolaire/immatriculation-fr
Collège Privé Laïc Benedict,Douala,À confirmer,Privé,Général,À confirmer,MINESEC,Moyen,https://www.minesec.gov.cm/web/index.php/fr/carte-scolaire/immatriculation-fr
Collège Privé Laïc de la Vallée,Douala,À confirmer,Privé,Général,À confirmer,MINESEC,Moyen,https://www.minesec.gov.cm/web/index.php/fr/carte-scolaire/immatriculation-fr
Collège Privé Laïc Fotso Daniel,Douala,À confirmer,Privé,Général,À confirmer,MINESEC,Moyen,https://www.minesec.gov.cm/web/index.php/fr/carte-scolaire/immatriculation-fr
King David Comprehensive College,Douala,À confirmer,Privé,Général,Bilingue / anglophone,MINESEC,Moyen,https://www.minesec.gov.cm/web/index.php/fr/carte-scolaire/immatriculation-fr
Collège Privé Laïc La Manne,Douala,À confirmer,Privé,Général,À confirmer,MINESEC,Moyen,https://www.minesec.gov.cm/web/index.php/fr/carte-scolaire/immatriculation-fr
Collège Privé Laïc La Roche,Douala,À confirmer,Privé,Général,À confirmer,MINESEC,Moyen,https://www.minesec.gov.cm/web/index.php/fr/carte-scolaire/immatriculation-fr
Collège Privé Laïc Le Zénith,Douala,À confirmer,Privé,Général,À confirmer,MINESEC,Moyen,https://www.minesec.gov.cm/web/index.php/fr/carte-scolaire/immatriculation-fr
Collège Privé Laïc Les Conquérants,Douala,À confirmer,Privé,Général,À confirmer,MINESEC,Moyen,https://www.minesec.gov.cm/web/index.php/fr/carte-scolaire/immatriculation-fr
Collège Privé Laïc Polyvalent Deo Gratias,Douala,À confirmer,Privé,Polyvalent,À confirmer,MINESEC,Moyen,https://www.minesec.gov.cm/web/index.php/fr/carte-scolaire/immatriculation-fr
Collège Privé Laïc Polyvalent Les Prodiges,Douala,À confirmer,Privé,Polyvalent,À confirmer,MINESEC,Moyen,https://www.minesec.gov.cm/web/index.php/fr/carte-scolaire/immatriculation-fr
Collège Polyvalent Mohoua Tachomkam,Douala,À confirmer,Privé,Polyvalent,À confirmer,MINESEC,Moyen,https://www.minesec.gov.cm/web/index.php/fr/carte-scolaire/immatriculation-fr
Collège Pozam,Douala,À confirmer,Privé,Général,À confirmer,MINESEC,Moyen,https://www.minesec.gov.cm/web/index.php/fr/carte-scolaire/immatriculation-fr
Collège Privé Sainte-Marthe,Douala,À confirmer,Privé,Général,À confirmer,MINESEC,Moyen,https://www.minesec.gov.cm/web/index.php/fr/carte-scolaire/immatriculation-fr
Collège Suzanna,Douala,À confirmer,Privé,Général,À confirmer,MINESEC,Moyen,https://www.minesec.gov.cm/web/index.php/fr/carte-scolaire/immatriculation-fr
Collège Saint-Charles-Borromée,Douala,À confirmer,Privé,Général,À confirmer,MINESEC,Moyen,https://www.minesec.gov.cm/web/index.php/fr/carte-scolaire/immatriculation-fr
Complexe Scolaire Bilingue Saint Gabriel Rita,Douala,À confirmer,Privé,Général,Bilingue / anglophone,MINESEC,Moyen,https://www.minesec.gov.cm/web/index.php/fr/carte-scolaire/immatriculation-fr
Fondation Bilingue Pierre Marie Ndjoko,Douala,À confirmer,Privé,Général,Bilingue / anglophone,MINESEC,Moyen,https://www.minesec.gov.cm/web/index.php/fr/carte-scolaire/immatriculation-fr
Institut des Techniques Industrielles et Commerciales (ITIC),Douala,À confirmer,Privé,Technique / professionnel,À confirmer,MINESEC,Moyen,https://www.minesec.gov.cm/web/index.php/fr/carte-scolaire/immatriculation-fr
Institut La Madone,Douala,À confirmer,Privé,Général,À confirmer,MINESEC,Moyen,https://www.minesec.gov.cm/web/index.php/fr/carte-scolaire/immatriculation-fr
Institut Polyvalent Bilingue Piedjou,Douala,À confirmer,Privé,Polyvalent,Bilingue / anglophone,MINESEC,Moyen,https://www.minesec.gov.cm/web/index.php/fr/carte-scolaire/immatriculation-fr
Institut Privé Laïc Polyvalent Minfang,Douala,À confirmer,Privé,Polyvalent,À confirmer,MINESEC,Moyen,https://www.minesec.gov.cm/web/index.php/fr/carte-scolaire/immatriculation-fr
Institut Privé Saint-Louis du Complexe Scolaire de Douala,Douala,À confirmer,Privé,Général,À confirmer,MINESEC,Moyen,https://www.minesec.gov.cm/web/index.php/fr/carte-scolaire/immatriculation-fr
Institut Secondaire de Technologie (IST),Douala,À confirmer,Privé,Technique / professionnel,À confirmer,MINESEC,Moyen,https://www.minesec.gov.cm/web/index.php/fr/carte-scolaire/immatriculation-fr
Institut Privé Yuliana,Douala,À confirmer,Privé,Général,À confirmer,MINESEC,Moyen,https://www.minesec.gov.cm/web/index.php/fr/carte-scolaire/immatriculation-fr
Atlanta Bilingual Comprehensive High School,Douala,À confirmer,Privé,Général,Bilingue / anglophone,MINESEC,Moyen,https://www.minesec.gov.cm/web/index.php/fr/carte-scolaire/immatriculation-fr
Atlantic Bilingual College Grand Hangar,Douala,À confirmer,Privé,Général,Bilingue / anglophone,MINESEC,Moyen,https://www.minesec.gov.cm/web/index.php/fr/carte-scolaire/immatriculation-fr
CETI Bilingue Nguega,Douala,À confirmer,Privé,Technique / professionnel,Bilingue / anglophone,MINESEC,Moyen,https://www.minesec.gov.cm/web/index.php/fr/carte-scolaire/immatriculation-fr
Collège du Levant,Douala,À confirmer,Privé,Général,À confirmer,MINESEC,Moyen,https://www.minesec.gov.cm/web/index.php/fr/carte-scolaire/immatriculation-fr
Collège Lamartine,Douala,À confirmer,Privé,Général,À confirmer,MINESEC,Élevé,https://www.minesec.gov.cm/web/index.php/fr/carte-scolaire/immatriculation-fr
Collège Privé Catholique Sainte-Cécile,Douala,À confirmer,Privé,Général,À confirmer,MINESEC,Moyen,https://www.minesec.gov.cm/web/index.php/fr/carte-scolaire/immatriculation-fr
Collège Bilingue Emergence Miaffo Solange,Douala,À confirmer,Privé,Général,Bilingue / anglophone,MINESEC,Moyen,https://www.minesec.gov.cm/web/index.php/fr/carte-scolaire/immatriculation-fr
Collège Bilingue Nguesson Charles,Douala,À confirmer,Privé,Général,Bilingue / anglophone,MINESEC,Moyen,https://www.minesec.gov.cm/web/index.php/fr/carte-scolaire/immatriculation-fr
Collège Bilingue Tongo,Douala,À confirmer,Privé,Général,Bilingue / anglophone,MINESEC,Moyen,https://www.minesec.gov.cm/web/index.php/fr/carte-scolaire/immatriculation-fr
Collège Privé Laïc Classique de Bonabéri,Douala,À confirmer,Privé,Général,À confirmer,MINESEC,Moyen,https://www.minesec.gov.cm/web/index.php/fr/carte-scolaire/immatriculation-fr
Collège Privé Laïc Tcheuffa Fils,Douala,À confirmer,Privé,Général,À confirmer,MINESEC,Moyen,https://www.minesec.gov.cm/web/index.php/fr/carte-scolaire/immatriculation-fr
Complexe Académique Bilingue de Venise,Douala,À confirmer,Privé,Général,Bilingue / anglophone,MINESEC,Moyen,https://www.minesec.gov.cm/web/index.php/fr/carte-scolaire/immatriculation-fr
Douala Academy of Arts and Sciences (DASS),Douala,À confirmer,Privé,Général,À confirmer,MINESEC,Moyen,https://www.minesec.gov.cm/web/index.php/fr/carte-scolaire/immatriculation-fr
Institut Bilingue Tonji,Douala,À confirmer,Privé,Général,Bilingue / anglophone,MINESEC,Moyen,https://www.minesec.gov.cm/web/index.php/fr/carte-scolaire/immatriculation-fr
Institut Moderne Polyvalent de Bonabéri,Douala,À confirmer,Privé,Polyvalent,À confirmer,MINESEC,Moyen,https://www.minesec.gov.cm/web/index.php/fr/carte-scolaire/immatriculation-fr
Institut Polyvalent Bilingue Les Rayons Soleil,Douala,À confirmer,Privé,Polyvalent,Bilingue / anglophone,MINESEC,Moyen,https://www.minesec.gov.cm/web/index.php/fr/carte-scolaire/immatriculation-fr
National Bilingual College,Douala,À confirmer,Privé,Général,Bilingue / anglophone,MINESEC,Moyen,https://www.minesec.gov.cm/web/index.php/fr/carte-scolaire/immatriculation-fr
Centre d'Enseignement et de Formation Technique Industrielle (CEFTI),Douala,À confirmer,Privé,Technique / professionnel,À confirmer,MINESEC,Moyen,https://www.minesec.gov.cm/web/index.php/fr/carte-scolaire/immatriculation-fr
Collège Bilingue du Centre,Douala,À confirmer,Privé,Général,Bilingue / anglophone,MINESEC,Moyen,https://www.minesec.gov.cm/web/index.php/fr/carte-scolaire/immatriculation-fr
Collège Bilingue La Maturité,Douala,À confirmer,Privé,Général,Bilingue / anglophone,MINESEC,Moyen,https://www.minesec.gov.cm/web/index.php/fr/carte-scolaire/immatriculation-fr
Collège Bilingue Les Leaders,Douala,À confirmer,Privé,Général,Bilingue / anglophone,MINESEC,Moyen,https://www.minesec.gov.cm/web/index.php/fr/carte-scolaire/immatriculation-fr
Collège Moderne Bilingue des Lauréats,Douala,À confirmer,Privé,Général,Bilingue / anglophone,MINESEC,Moyen,https://www.minesec.gov.cm/web/index.php/fr/carte-scolaire/immatriculation-fr
Collège Polyvalent Bilingue Baho,Douala,À confirmer,Privé,Polyvalent,Bilingue / anglophone,MINESEC,Moyen,https://www.minesec.gov.cm/web/index.php/fr/carte-scolaire/immatriculation-fr
Collège Polyvalent Bilingue du Vaal,Douala,À confirmer,Privé,Polyvalent,Bilingue / anglophone,MINESEC,Moyen,https://www.minesec.gov.cm/web/index.php/fr/carte-scolaire/immatriculation-fr
Collège Privé Laïc Bilingue L'Orchidée,Douala,À confirmer,Privé,Général,Bilingue / anglophone,MINESEC,Moyen,https://www.minesec.gov.cm/web/index.php/fr/carte-scolaire/immatriculation-fr
Collège Privé Laïc Charles de Gaulle,Douala,À confirmer,Privé,Général,À confirmer,MINESEC,Moyen,https://www.minesec.gov.cm/web/index.php/fr/carte-scolaire/immatriculation-fr
Collège Privé Laïc La Conquête,Douala,À confirmer,Privé,Général,À confirmer,MINESEC,Moyen,https://www.minesec.gov.cm/web/index.php/fr/carte-scolaire/immatriculation-fr
Collège Privé Laïc Laval,Douala,À confirmer,Privé,Général,À confirmer,MINESEC,Moyen,https://www.minesec.gov.cm/web/index.php/fr/carte-scolaire/immatriculation-fr
Collège Privé Laïc Le Nil,Douala,À confirmer,Privé,Général,À confirmer,MINESEC,Moyen,https://www.minesec.gov.cm/web/index.php/fr/carte-scolaire/immatriculation-fr
Collège Privé Laïc Soleil,Douala,À confirmer,Privé,Général,À confirmer,MINESEC,Moyen,https://www.minesec.gov.cm/web/index.php/fr/carte-scolaire/immatriculation-fr
École des Sciences Appliquées et d'Orientation (ESAO),Douala,À confirmer,Privé,Technique / professionnel,À confirmer,MINESEC,Moyen,https://www.minesec.gov.cm/web/index.php/fr/carte-scolaire/immatriculation-fr
Institut de Technologie et de Gestion (INTEG),Douala,À confirmer,Privé,Technique / professionnel,À confirmer,MINESEC,Moyen,https://www.minesec.gov.cm/web/index.php/fr/carte-scolaire/immatriculation-fr
Collège Bilingue Mamdom,Douala,À confirmer,Privé,Général,Bilingue / anglophone,MINESEC,Moyen,https://www.minesec.gov.cm/web/index.php/fr/carte-scolaire/immatriculation-fr
Collège Polyvalent Maria Goretti,Douala,À confirmer,Privé,Polyvalent,À confirmer,MINESEC,Moyen,https://www.minesec.gov.cm/web/index.php/fr/carte-scolaire/immatriculation-fr
Collège Bilingue Excellence Tercio,Douala,À confirmer,Privé,Général,Bilingue / anglophone,MINESEC,Moyen,https://www.minesec.gov.cm/web/index.php/fr/carte-scolaire/immatriculation-fr
Institut Professionnel des Technologies Avancées (IPTA),Douala,À confirmer,Privé,Technique / professionnel,À confirmer,MINESEC,Moyen,https://www.minesec.gov.cm/web/index.php/fr/carte-scolaire/immatriculation-fr
Collège Catholique Notre-Dame-des-Nations,Douala,À confirmer,Privé,Général,À confirmer,MINESEC,Moyen,https://www.minesec.gov.cm/web/index.php/fr/carte-scolaire/immatriculation-fr
Collège Polyvalent Bilingue RETI,Douala,À confirmer,Privé,Polyvalent,Bilingue / anglophone,MINESEC,Moyen,https://www.minesec.gov.cm/web/index.php/fr/carte-scolaire/immatriculation-fr
Sacred Heart College,Douala,À confirmer,Privé,Général,À confirmer,MINESEC,Moyen,https://www.minesec.gov.cm/web/index.php/fr/carte-scolaire/immatriculation-fr
Collège Bilingue Fatime,Douala,À confirmer,Privé,Général,Bilingue / anglophone,MINESEC,Moyen,https://www.minesec.gov.cm/web/index.php/fr/carte-scolaire/immatriculation-fr
City Bilingual College of Excellence,Douala,À confirmer,Privé,Général,Bilingue / anglophone,MINESEC,Moyen,https://www.minesec.gov.cm/web/index.php/fr/carte-scolaire/immatriculation-fr
Collège Bilingue Échos du Savoir,Douala,À confirmer,Privé,Général,Bilingue / anglophone,MINESEC,Moyen,https://www.minesec.gov.cm/web/index.php/fr/carte-scolaire/immatriculation-fr
Collège Bilingue Fanon et Césaire,Douala,À confirmer,Privé,Général,Bilingue / anglophone,MINESEC,Moyen,https://www.minesec.gov.cm/web/index.php/fr/carte-scolaire/immatriculation-fr
Collège Bilingue Njakou,Douala,À confirmer,Privé,Général,Bilingue / anglophone,MINESEC,Moyen,https://www.minesec.gov.cm/web/index.php/fr/carte-scolaire/immatriculation-fr
Collège Bilingue Œuvre et Vie,Douala,À confirmer,Privé,Général,Bilingue / anglophone,MINESEC,Moyen,https://www.minesec.gov.cm/web/index.php/fr/carte-scolaire/immatriculation-fr
Collège Bilingue Simo,Douala,À confirmer,Privé,Général,Bilingue / anglophone,MINESEC,Moyen,https://www.minesec.gov.cm/web/index.php/fr/carte-scolaire/immatriculation-fr
Collège Bilingue Privé Laïc Les Merveilles,Douala,À confirmer,Privé,Général,Bilingue / anglophone,MINESEC,Moyen,https://www.minesec.gov.cm/web/index.php/fr/carte-scolaire/immatriculation-fr
Collège Germana Sommaruga,Douala,À confirmer,Privé,Général,À confirmer,MINESEC,Moyen,https://www.minesec.gov.cm/web/index.php/fr/carte-scolaire/immatriculation-fr
Collège La Source,Douala,À confirmer,Privé,Général,À confirmer,MINESEC,Moyen,https://www.minesec.gov.cm/web/index.php/fr/carte-scolaire/immatriculation-fr
Collège Maarif Douala-Yassa,Douala,À confirmer,Privé,Général,À confirmer,MINESEC,Moyen,https://www.minesec.gov.cm/web/index.php/fr/carte-scolaire/immatriculation-fr
Collège Manga et Sarah,Douala,À confirmer,Privé,Général,À confirmer,MINESEC,Moyen,https://www.minesec.gov.cm/web/index.php/fr/carte-scolaire/immatriculation-fr
Collège Polyvalent Notre-Dame du Perpétuel Secours,Douala,À confirmer,Privé,Polyvalent,À confirmer,MINESEC,Moyen,https://www.minesec.gov.cm/web/index.php/fr/carte-scolaire/immatriculation-fr
Collège Polyvalent Kouakeu de Tonfeu,Douala,À confirmer,Privé,Polyvalent,À confirmer,MINESEC,Moyen,https://www.minesec.gov.cm/web/index.php/fr/carte-scolaire/immatriculation-fr
Collège Bilingue Excellence FOEM,Douala,À confirmer,Privé,Général,Bilingue / anglophone,MINESEC,Moyen,https://www.minesec.gov.cm/web/index.php/fr/carte-scolaire/immatriculation-fr
Collège Bilingue Les Chrysalides,Douala,À confirmer,Privé,Général,Bilingue / anglophone,MINESEC,Moyen,https://www.minesec.gov.cm/web/index.php/fr/carte-scolaire/immatriculation-fr
Collège Bilingue Dja Tafen,Douala,À confirmer,Privé,Général,Bilingue / anglophone,MINESEC,Moyen,https://www.minesec.gov.cm/web/index.php/fr/carte-scolaire/immatriculation-fr
Institut Polyvalent Futura,Douala,À confirmer,Privé,Polyvalent,À confirmer,MINESEC,Moyen,https://www.minesec.gov.cm/web/index.php/fr/carte-scolaire/immatriculation-fr
Institut d'Études Techniques,Douala,À confirmer,Privé,Technique / professionnel,À confirmer,MINESEC,Moyen,https://www.minesec.gov.cm/web/index.php/fr/carte-scolaire/immatriculation-fr
Emunah Bilingual College,Douala,À confirmer,Privé,Général,Bilingue / anglophone,MINESEC,Moyen,https://www.minesec.gov.cm/web/index.php/fr/carte-scolaire/immatriculation-fr
Complexe Scolaire Bilingue Rainbow,Douala,À confirmer,Privé,Général,Bilingue / anglophone,MINESEC,Moyen,https://www.minesec.gov.cm/web/index.php/fr/carte-scolaire/immatriculation-fr
Collège Privé Laïc Ngayo,Douala,À confirmer,Privé,Général,À confirmer,MINESEC,Moyen,https://www.minesec.gov.cm/web/index.php/fr/carte-scolaire/immatriculation-fr
Collège Polyvalent Bilingue Mewe,Douala,À confirmer,Privé,Polyvalent,Bilingue / anglophone,MINESEC,Moyen,https://www.minesec.gov.cm/web/index.php/fr/carte-scolaire/immatriculation-fr
